login,name,company,location,email,hireable,bio,public_repos,followers,following,created_at
emmabostian,,,,,,,,,,
emilk,,,,,,,,,,
mpj,,,,,,,,,,
hrydgard,,,,,,,,,,
eriklindernoren,,,,,,,,,,
spotify,,,,,,,,,,
arvidn,,,,,,,,,,
aladdinpersson,,,,,,,,,,
khaosdoctor,,,,,,,,,,
Mojang,,,,,,,,,,
joearms,,,,,,,,,,
emilbjornson,,,,,,,,,,
Dinnerbone,,,,,,,,,,
fornwall,,,,,,,,,,
victorbjorklund,,,,,,,,,,
wader,,,,,,,,,,
bella-silveira,,,,,,,,,,
davidsandberg,,,,,,,,,,
Nyholm,,,,,,,,,,
xNotch,,,,,,,,,,
dejwid,,,,,,,,,,
ivanpaulovich,,,,,,,,,,
marcusolsson,,,,,,,,,,
EmbarkStudios,,,,,,,,,,
torkelo,,,,,,,,,,
AhsanAyaz,,,,,,,,,,
Grimler91,,,,,,,,,,
satansdeer,,,,,,,,,,
marmelroy,,,,,,,,,,
LinusU,,,,,,,,,,
williamboman,,,,,,,,,,
kushaldas,,,,,,,,,,
Bogdan-Lyashenko,,,,,,,,,,
h3r2tic,,,,,,,,,,
rvirding,,,,,,,,,,
fu5ha,,,,,,,,,,
leostera,,,,,,,,,,
glrodasz,,,,,,,,,,
schteppe,,,,,,,,,,
ewels,,,,,,,,,,
repi,,,,,,,,,,
isveckrali,,,,,,,,,,
tulios,,,,,,,,,,
tadeuzagallo,,,,,,,,,,
javve,,,,,,,,,,
thmsgbrt,,,,,,,,,,
JoelBesada,,,,,,,,,,
danielsaidi,,,,,,,,,,
johannilsson,,,,,,,,,,
spydon,,,,,,,,,,
pontusab,,,,,,,,,,
EmmaDawsonDev,,,,,,,,,,
veggiemonk,,,,,,,,,,
aboullaite,,,,,,,,,,
svmiller,,,,,,,,,,
lydell,,,,,,,,,,
sebh,,,,,,,,,,
slicedlime,,,,,,,,,,
pmmmwh,,,,,,,,,,
mattiasgustavsson,,,,,,,,,,
rogeralsing,,,,,,,,,,
korthaj,,,,,,,,,,
ivan-liljeqvist,,,,,,,,,,
shoghicp,,,,,,,,,,
kaishin,,,,,,,,,,
Habrador,,,,,,,,,,
darius-khll,,,,,,,,,,
a7ul,,,,,,,,,,
foolip,,,,,,,,,,
fregu856,,,,,,,,,,
Lauszus,,,,,,,,,,
dbarrosop,,,,,,,,,,
iamstarkov,,,,,,,,,,
NicolasPetton,,,,,,,,,,
vlidholt,,,,,,,,,,
alexdrone,,,,,,,,,,
Kin-Zhang,,,,,,,,,,
britzl,,,,,,,,,,
carolinan,,,,,,,,,,
peterhellberg,,,,,,,,,,
sagatowski,,,,,,,,,,
quarnster,,,,,,,,,,
isabellaalstrom,,,,,,,,,,
LeuisKen,,,,,,,,,,
carlthome,,,,,,,,,,
sebbekarlsson,,,,,,,,,,
Rugvip,,,,,,,,,,
heyman,,,,,,,,,,
ubuwaits,,,,,,,,,,
DanielRapp,,,,,,,,,,
nevyn,,,,,,,,,,
haf,,,,,,,,,,
erlang,,,,,,,,,,
PEZ,,,,,,,,,,
stuffmatic,,,,,,,,,,
ardacetinkaya,,,,,,,,,,
pirelenito,,,,,,,,,,
MaikKlein,,,,,,,,,,
icyJoseph,,,,,,,,,,
pardeike,,,,,,,,,,
pomle,,,,,,,,,,
rarkins,,,,,,,,,,
astrit,,,,,,,,,,
filipmartinsson,,,,,,,,,,
Marwes,,,,,,,,,,
arirawr,,,,,,,,,,
boredabdel,,,,,,,,,,
felixjones,,,,,,,,,,
CarlGroth,,,,,,,,,,
garazdawi,,,,,,,,,,
monperrus,,,,,,,,,,
FredrikNoren,,,,,,,,,,
dfahlander,,,,,,,,,,
themaxsandelin,,,,,,,,,,
plajjan,,,,,,,,,,
ranisalt,,,,,,,,,,
DMarby,,,,,,,,,,
ilkermanap,,,,,,,,,,
udoprog,,,,,,,,,,
kvakvs,,,,,,,,,,
bjorng,,,,,,,,,,
mostafa,,,,,,,,,,
samuelkraft,,,,,,,,,,
jebox,,,,,,,,,,
johanandren,,,,,,,,,,
philpax,,,,,,,,,,
hex2f,,,,,,,,,,
Vintharas,,,,,,,,,,
K-Phoen,,,,,,,,,,
beiciliang,,,,,,,,,,
Ezzpify,,,,,,,,,,
pakerfeldt,,,,,,,,,,
NickolajA,,,,,,,,,,
Speedi13,,,,,,,,,,
northvolt,,,,,,,,,,
soulgalore,,,,,,,,,,
benjdlambert,,,,,,,,,,
khromov,,,,,,,,,,
hraberg,,,,,,,,,,
mehdy,,,,,,,,,,
koreyspace,,,,,,,,,,
magiconair,,,,,,,,,,
ftrvxmtrx,,,,,,,,,,
diogotcorreia,,,,,,,,,,
kaaes,,,,,,,,,,
frozzare,,,,,,,,,,
rollbear,,,,,,,,,,
andoma,,,,,,,,,,
oeway,,,,,,,,,,
wictorwilen,,,,,,,,,,
NamitaMalik,,,,,,,,,,
ChocoChipset,,,,,,,,,,
rehrumesh,,,,,,,,,,
samuell,,,,,,,,,,
maxulysse,,,,,,,,,,
Ali-Razmjoo,,,,,,,,,,
bluecmd,,,,,,,,,,
stakater,,,,,,,,,,
kabirbaidhya,,,,,,,,,,
marcusoftnet,,,,,,,,,,
JensRantil,,,,,,,,,,
hamidreza-s,,,,,,,,,,
royshouvik,,,,,,,,,,
Kimtaro,,,,,,,,,,
camiloribeiro,,,,,,,,,,
jmpas,,,,,,,,,,
kopiro,,,,,,,,,,
wille,,,,,,,,,,
thelinmichael,,,,,,,,,,
simeg,,,,,,,,,,
happi,,,,,,,,,,
kesla,,,,,,,,,,
renatoathaydes,,,,,,,,,,
anderseknert,,,,,,,,,,
iKenndac,,,,,,,,,,
Wumpf,,,,,,,,,,
fabianperez,,,,,,,,,,
Nilsen84,,,,,,,,,,
eliassjogreen,,,,,,,,,,
AhmedAbdulrahman,,,,,,,,,,
5monkeys,,,,,,,,,,
bhassani,,,,,,,,,,
ledongthuc,,,,,,,,,,
postmodernistx,,,,,,,,,,
elitan,,,,,,,,,,
zth,,,,,,,,,,
bicycle1885,,,,,,,,,,
Temaran,,,,,,,,,,
tonythomas01,,,,,,,,,,
dflemstr,,,,,,,,,,
bergquist,,,,,,,,,,
richtr,,,,,,,,,,
seriyps,,,,,,,,,,
hsjoberg,,,,,,,,,,
lastguest,,,,,,,,,,
luna-duclos,,,,,,,,,,
rasmusbrandt,,,,,,,,,,
Jiwan,,,,,,,,,,
psyeugenic,,,,,,,,,,
henninghall,,,,,,,,,,
myshov,,,,,,,,,,
jto,,,,,,,,,,
ranveeraggarwal,,,,,,,,,,
robertoaloi,,,,,,,,,,
simonlindholm,,,,,,,,,,
zegl,,,,,,,,,,
jacksonfdam,,,,,,,,,,
pliden,,,,,,,,,,
supercurio,,,,,,,,,,
blommegard,,,,,,,,,,
andras-nemes,,,,,,,,,,
niklasfrykholm,,,,,,,,,,
Eyevinn,,,,,,,,,,
72lions,,,,,,,,,,
jkotlinski,,,,,,,,,,
Jake-Shadle,,,,,,,,,,
daniel-lundin,,,,,,,,,,
elk-audio,,,,,,,,,,
mropert,,,,,,,,,,
nadam,,,,,,,,,,
arthurdenner,,,,,,,,,,
ezeoleaf,,,,,,,,,,
ptz0n,,,,,,,,,,
Nevon,,,,,,,,,,
pythops,,,,,,,,,,
algomaster99,,,,,,,,,,
GeneKao,,,,,,,,,,
charliejeppsson,,,,,,,,,,
op,,,,,,,,,,
freben,,,,,,,,,,
zimme,,,,,,,,,,
renard314,,,,,,,,,,
hussius,,,,,,,,,,
andreineculau,,,,,,,,,,
possan,,,,,,,,,,
AndersAbel,,,,,,,,,,
maciekish,,,,,,,,,,
Monereum,,,,,,,,,,
ssheikholeslami,,,,,,,,,,
dvdplm,,,,,,,,,,
lindell,,,,,,,,,,
jiwidi,,,,,,,,,,
mayojava,,,,,,,,,,
camilaibs,,,,,,,,,,
etnt,,,,,,,,,,
birkjernstrom,,,,,,,,,,
FabrizioBrancati,,,,,,,,,,
gdomiciano,,,,,,,,,,
mahmudalhakim,,,,,,,,,,
daniellee,,,,,,,,,,
jishi,,,,,,,,,,
JCash,,,,,,,,,,
davidsjoberg,,,,,,,,,,
pocketjoso,,,,,,,,,,
mhagander,,,,,,,,,,
IuryAlves,,,,,,,,,,
alvarlagerlof,,,,,,,,,,
KTH-RPL,,,,,,,,,,
Kerem1989,,,,,,,,,,
bergmark,,,,,,,,,,
csharpschool,,,,,,,,,,
superdump,,,,,,,,,,
OskarSigvardsson,,,,,,,,,,
mollstam,,,,,,,,,,
matinzd,,,,,,,,,,
felixmulder,,,,,,,,,,
mptre,,,,,,,,,,
xaviervia,,,,,,,,,,
iconara,,,,,,,,,,
cyberw,,,,,,,,,,
erkie,,,,,,,,,,
daniguerrato,,,,,,,,,,
lefant,,,,,,,,,,
SamLarenN,,,,,,,,,,
hfreire,,,,,,,,,,
EmilPoulsen,,,,,,,,,,
ffdead,,,,,,,,,,
perclasson,,,,,,,,,,
klacke,,,,,,,,,,
kolmodin,,,,,,,,,,
TheMolkaPL,,,,,,,,,,
Hjdskes,,,,,,,,,,
simonduq,,,,,,,,,,
panoply,,,,,,,,,,
vlaaad,,,,,,,,,,
hkupty,,,,,,,,,,
miyconst,,,,,,,,,,
marcelm,,,,,,,,,,
willu47,,,,,,,,,,
codechips,,,,,,,,,,
freider,,,,,,,,,,
tobiassjosten,,,,,,,,,,
helioloureiro,,,,,,,,,,
keeto,,,,,,,,,,
albinekb,,,,,,,,,,
linus,,,,,,,,,,
juleZZZ,,,,,,,,,,
jfacorro,,,,,,,,,,
emiloberg,,,,,,,,,,
nicktoumpelis,,,,,,,,,,
zydeco,,,,,,,,,,
MansMeg,,,,,,,,,,
Olivia5k,,,,,,,,,,
nordcloud,,,,,,,,,,
ashwinvis,,,,,,,,,,
williamhogman,,,,,,,,,,
Mange,,,,,,,,,,
MrAlek,,,,,,,,,,
mansmahamat,,,,,,,,,,
meadsteve,,,,,,,,,,
kbladin,,,,,,,,,,
dorukgezici,,,,,,,,,,
zmstone,,,,,,,,,,
fesplugas,,,,,,,,,,
HaraldNordgren,,,,,,,,,,
Technigo,,,,,,,,,,
phaller,,,,,,,,,,
bombsimon,,,,,,,,,,
teoljungberg,,,,,,,,,,
maandree,,,,,,,,,,
GoranAviani,,,,,,,,,,
Victorystick,,,,,,,,,,
INCF,,,,,,,,,,
xlson,,,,,,,,,,
emlun,,,,,,,,,,
cheerfulstoic,,,,,,,,,,
AGulev,,,,,,,,,,
krlvi,,,,,,,,,,
fluffybeing,,,,,,,,,,
amir-rahnama,,,,,,,,,,
liufuyang,,,,,,,,,,
dalen,,,,,,,,,,
saltsthlm,,,,,,,,,,
enceladosaurus,,,,,,,,,,
episerver,,,,,,,,,,
dc0d,,,,,,,,,,
MoIbrahim15,,,,,,,,,,
kallepersson,,,,,,,,,,
zarinfam,,,,,,,,,,
ln5,,,,,,,,,,
ugurcanlacin,,,,,,,,,,
emilolsson,,,,,,,,,,
jamesmcm,,,,,,,,,,
dainnilsson,,,,,,,,,,
kalasjocke,,,,,,,,,,
beeequeue,,,,,,,,,,
nikreiman,,,,,,,,,,
azr,,,,,,,,,,
EmilStenstrom,,,,,,,,,,
sedflix,,,,,,,,,,
embark-studios,,,,,,,,,,
inear,,,,,,,,,,
jiexiong2016,,,,,,,,,,
calleluks,,,,,,,,,,
OmalPerera,,,,,,,,,,
cabral,,,,,,,,,,
rakibtg,,,,,,,,,,
ennru,,,,,,,,,,
KTH,,,,,,,,,,
gabrielPeart,,,,,,,,,,
mariorodeghiero,,,,,,,,,,
murilopolese,,,,,,,,,,
VZout,,,,,,,,,,
jimdowling,,,,,,,,,,
beshrkayali,,,,,,,,,,
toxinu,,,,,,,,,,
koslib,,,,,,,,,,
MohammadKarimi23,,,,,,,,,,
Lutando,,,,,,,,,,
KrisJelbring,,,,,,,,,,
joakimbeng,,,,,,,,,,
thiagokimo,,,,,,,,,,
CelikCebrail,,,,,,,,,,
oalsing,,,,,,,,,,
djui,,,,,,,,,,
linhduongtuan,,,,,,,,,,
epatel,,,,,,,,,,
jakobmattsson,,,,,,,,,,
zvonicek,,,,,,,,,,
ogenstad,,,,,,,,,,
hemangshah,,,,,,,,,,
thinkverse,,,,,,,,,,
niklasekstrom,,,,,,,,,,
powercode,,,,,,,,,,
danielgustafsson,,,,,,,,,,
mikaelkaron,,,,,,,,,,
cagdass,,,,,,,,,,
Snuffleupagus,,,,,,,,,,
lorainegarutti,,,,,,,,,,
eandre,,,,,,,,,,
logicalclocks,,,,,,,,,,
inoerp,,,,,,,,,,
numbata,,,,,,,,,,
mengstr,,,,,,,,,,
Sajjon,,,,,,,,,,
jeffersongirao,,,,,,,,,,
TimonPost,,,,,,,,,,
willianpaixao,,,,,,,,,,
iffyio,,,,,,,,,,
wiledal,,,,,,,,,,
erickguan,,,,,,,,,,
amadeu01,,,,,,,,,,
hannseman,,,,,,,,,,
BullishVince,,,,,,,,,,
mridgers,,,,,,,,,,
volkansahin45,,,,,,,,,,
fhqvst,,,,,,,,,,
